{"cameraMode":{"drawMode":0,"name":"Shaded","section":"Shading Mode"},"sceneLighting":false,"audioPlay":false,"sceneViewState":{"showFog":true,"showMaterialUpdate":false,"showSkybox":false,"showFlares":true,"showImageEffects":true,"showParticleSystems":true,"showVisualEffectGraphs":true,"m_FxEnabled":true},"in2DMode":false,"pivot":{"x":-0.570313036441803,"y":-0.16307112574577332,"z":0.9072065949440002},"rotation":{"x":0.12504518032073975,"y":-0.24067075550556184,"z":0.031606756150722507,"w":0.962243378162384},"size":0.6925584077835083,"orthographic":false}