{"cameraMode":{"drawMode":0,"name":"Shaded","section":"Shading Mode"},"sceneLighting":false,"audioPlay":false,"sceneViewState":{"showFog":true,"showMaterialUpdate":false,"showSkybox":false,"showFlares":true,"showImageEffects":true,"showParticleSystems":true,"showVisualEffectGraphs":true,"m_FxEnabled":true},"in2DMode":false,"pivot":{"x":0.01960066705942154,"y":0.11721193790435791,"z":-0.0148531598970294},"rotation":{"x":-0.006070853676646948,"y":-0.9857531785964966,"z":0.16596297919750215,"w":-0.034296583384275439},"size":0.6925584077835083,"orthographic":false}