{"cameraMode":{"drawMode":0,"name":"Shaded","section":"Shading Mode"},"sceneLighting":false,"audioPlay":false,"sceneViewState":{"showFog":true,"showMaterialUpdate":false,"showSkybox":false,"showFlares":true,"showImageEffects":true,"showParticleSystems":true,"showVisualEffectGraphs":true,"m_FxEnabled":true},"in2DMode":false,"pivot":{"x":5.650000095367432,"y":2.075000047683716,"z":-0.05000000819563866},"rotation":{"x":-0.05025793984532356,"y":-0.8887613415718079,"z":0.44457629323005679,"w":-0.10078739374876023},"size":0.07500004768371582,"orthographic":false}