{"cameraMode":{"drawMode":0,"name":"Shaded","section":"Shading Mode"},"sceneLighting":false,"audioPlay":false,"sceneViewState":{"showFog":true,"showMaterialUpdate":false,"showSkybox":false,"showFlares":true,"showImageEffects":true,"showParticleSystems":true,"showVisualEffectGraphs":true,"m_FxEnabled":true},"in2DMode":false,"pivot":{"x":0.8292833566665649,"y":0.7991782426834106,"z":3.6518149375915529},"rotation":{"x":-0.006070853676646948,"y":-0.9857531785964966,"z":0.16596297919750215,"w":-0.034296583384275439},"size":0.7731277346611023,"orthographic":false}