{"cameraMode":{"drawMode":0,"name":"Shaded","section":"Shading Mode"},"sceneLighting":false,"audioPlay":false,"sceneViewState":{"showFog":false,"showMaterialUpdate":false,"showSkybox":false,"showFlares":false,"showImageEffects":false,"showParticleSystems":false,"showVisualEffectGraphs":true,"m_FxEnabled":true},"in2DMode":false,"pivot":{"x":0.21622303128242494,"y":0.9377797842025757,"z":-0.037164926528930667},"rotation":{"x":-0.0011404250981286169,"y":0.9834001064300537,"z":-0.18235568702220918,"w":-0.01868831180036068},"size":1.1295750141143799,"orthographic":false}