{"cameraMode":{"drawMode":0,"name":"Shaded","section":"Shading Mode"},"sceneLighting":true,"audioPlay":false,"sceneViewState":{"showFog":true,"showMaterialUpdate":false,"showSkybox":true,"showFlares":true,"showImageEffects":true,"showParticleSystems":true,"showVisualEffectGraphs":true,"m_FxEnabled":true},"in2DMode":false,"pivot":{"x":1.1879149675369263,"y":5.233824253082275,"z":-7.712022304534912},"rotation":{"x":-0.0015222367364913226,"y":0.9981940984725952,"z":-0.04978010430932045,"w":-0.040740154683589938},"size":11.885198593139649,"orthographic":false}