{"cameraMode":{"drawMode":0,"name":"Shaded","section":"Shading Mode"},"sceneLighting":true,"audioPlay":false,"sceneViewState":{"showFog":true,"showMaterialUpdate":false,"showSkybox":true,"showFlares":true,"showImageEffects":true,"showParticleSystems":true,"showVisualEffectGraphs":true,"m_FxEnabled":true},"in2DMode":false,"pivot":{"x":1.2315571308135987,"y":0.5394868850708008,"z":-23.516664505004884},"rotation":{"x":0.005232607945799828,"y":0.9922938346862793,"z":-0.11543351411819458,"w":0.04498603194952011},"size":15.46810245513916,"orthographic":false}