{"cameraMode":{"drawMode":0,"name":"Shaded","section":"Shading Mode"},"sceneLighting":true,"audioPlay":false,"sceneViewState":{"showFog":true,"showMaterialUpdate":false,"showSkybox":true,"showFlares":true,"showImageEffects":true,"showParticleSystems":true,"showVisualEffectGraphs":true,"m_FxEnabled":true},"in2DMode":false,"pivot":{"x":-7.124767303466797,"y":-2.8364667892456056,"z":-10.979863166809082},"rotation":{"x":-0.006070853676646948,"y":-0.9857531785964966,"z":0.16596297919750215,"w":-0.034296583384275439},"size":12.308615684509278,"orthographic":false}