{"cameraMode":{"drawMode":0,"name":"Shaded","section":"Shading Mode"},"sceneLighting":true,"audioPlay":false,"sceneViewState":{"showFog":true,"showMaterialUpdate":false,"showSkybox":true,"showFlares":true,"showImageEffects":true,"showParticleSystems":true,"showVisualEffectGraphs":true,"m_FxEnabled":true},"in2DMode":false,"pivot":{"x":-1.2218314409255982,"y":-7.046291351318359,"z":3.4409523010253908},"rotation":{"x":-0.4726622700691223,"y":0.000525867217220366,"z":-0.00028214219491928816,"w":-0.8812422156333923},"size":7.515145778656006,"orthographic":false}