{"cameraMode":{"drawMode":0,"name":"Shaded","section":"Shading Mode"},"sceneLighting":true,"audioPlay":false,"sceneViewState":{"showFog":true,"showMaterialUpdate":false,"showSkybox":true,"showFlares":true,"showImageEffects":true,"showParticleSystems":true,"showVisualEffectGraphs":true,"m_FxEnabled":true},"in2DMode":false,"pivot":{"x":15.541457176208496,"y":-6.188920021057129,"z":17.062938690185548},"rotation":{"x":-0.15681442618370057,"y":-0.32430508732795718,"z":0.054597169160842898,"w":-0.9313402771949768},"size":18.657299041748048,"orthographic":false}