{"cameraMode":{"drawMode":0,"name":"Shaded","section":"Shading Mode"},"sceneLighting":true,"audioPlay":false,"sceneViewState":{"showFog":true,"showMaterialUpdate":false,"showSkybox":true,"showFlares":true,"showImageEffects":true,"showParticleSystems":true,"showVisualEffectGraphs":true,"m_FxEnabled":true},"in2DMode":false,"pivot":{"x":6.578581809997559,"y":0.03833341598510742,"z":-13.277729034423829},"rotation":{"x":-0.008845904842019081,"y":-0.9362566471099854,"z":0.022646715864539148,"w":-0.3511464595794678},"size":12.44974422454834,"orthographic":false}