{"cameraMode":{"drawMode":0,"name":"Shaded","section":"Shading Mode"},"sceneLighting":true,"audioPlay":false,"sceneViewState":{"showFog":true,"showMaterialUpdate":false,"showSkybox":true,"showFlares":true,"showImageEffects":true,"showParticleSystems":true,"showVisualEffectGraphs":true,"m_FxEnabled":true},"in2DMode":false,"pivot":{"x":-1.3151392936706544,"y":-2.6553874015808107,"z":-10.630388259887696},"rotation":{"x":0.005655693355947733,"y":-0.9792657494544983,"z":0.20140458643436433,"w":0.032194506376981738},"size":6.125686168670654,"orthographic":false}